old_mall_name,new_name
贵和购物中心,贵和购物中心
西安华阳城购物中心,西安华阳城购物中心
天美新天地,天美新天地
南昌万象城,南昌万象城
国贸金阳tpmall,国贸金阳tpmall
美林M·LIVE天地-东座,美林M·LIVE天地-东座
爱琴海购物广场,爱琴海购物广场
硕果时代购物中心,硕果时代购物中心
壹方天地C区,壹方天地C区
西咸万象城,西咸万象城
北国商城,北国商城
济南恒隆广场,济南恒隆广场
O'PLAZA欢乐海岸购物中心,O'PLAZA欢乐海岸购物中心
喀什万达广场,喀什万达广场
郑州二七万象城,郑州二七万象城
福州远洋德呈乐堤港,福州远洋德呈乐堤港
曼巴特购物广场,曼巴特购物广场
济宁万象汇,济宁万象汇
成都万象城,成都万象城
昆百大·泰业城,昆百大·泰业城
贵阳亨特国际店,贵阳亨特国际店
西安益田假日世界购物中心,西安益田假日世界购物中心
深圳湾万象城,深圳湾万象城
汕头万象城,汕头万象城
番禺奥园广场,番禺奥园广场
成都IFS,成都IFS
凯德广场·学府,凯德广场·学府
龙湖海南海口天街,龙湖海南海口天街
东莞松山湖万象汇,东莞松山湖万象汇
武商梦时代,武商梦时代
呼和浩特万象城,呼和浩特万象城
万象城2期,万象城2期
敏捷广场,敏捷广场
万顺达百货,万顺达百货
佛山三水万达,佛山三水万达广场
西安SKP,西安SKP
海口万象城,海口万象城
西宁王府井大象城购物中心,西宁王府井大象城购物中心
合肥万象城,合肥万象城
太百购物中心,太百购物中心
杭州湖滨银泰in77,杭州湖滨银泰in77
郑州二七万达广场,郑州二七万达广场
维多利摩尔城A座,维多利摩尔城A座
济南万象城,济南万象城
厦门大悦城,厦门大悦城
华润·铁西万象汇,华润·铁西万象汇
来福士,来福士
KKONE购物中心北区,KKONE购物中心北区
天府和悦广场,天府和悦广场
CityOn熙地港(西安)购物中心,CityOn熙地港(西安)购物中心
义乌之心,义乌之心
世界城广场,世界城广场
友谊·南海城,友谊·南海城
榆林榆阳万达广场,榆林榆阳万达广场
吉林欧亚商都综合体,吉林欧亚商都综合体
皇城恒隆广场,皇城恒隆广场
太原万象城,太原万象城
太古汇,太古汇
徐州彭城苏宁广场,徐州彭城苏宁广场
鞍山万象汇,鞍山万象汇
福州万象城,福州万象城
欧亚商都,欧亚商都
星河城购物中心,星河城购物中心
佛山王府井紫薇港·WALKIN,佛山王府井紫薇港·WALKIN
兰州中心,兰州中心
拉萨城关万达广场,拉萨城关万达广场
武汉荟聚,武汉荟聚
西安大悦城,西安大悦城
UDV 河南商丘正弘汇,UDV 河南商丘正弘汇
天环Parc Central,天环Parc Central
成都大悦城,成都大悦城
宜兴八佰伴,宜兴八佰伴购物中心
赤峰红山万达广场,赤峰红山万达广场
金凤万达广场,金凤万达广场
利群商厦,利群商厦
成都银泰城,成都银泰城
正佳广场,正佳广场
建发悠阅城,建发悠阅城
泉舜购物,泉舜购物
新世纪中心,新世纪中心
PO PARK东方宝泰,PO PARK东方宝泰
K11购物艺术中心,K11购物艺术中心
武汉万象城,武汉万象城
万象汇,万象汇
青岛海信广场,青岛海信广场
兰州万象城,兰州万象城
江南环球港,江南环球港
沈阳万象城,沈阳万象城
马鞍山金鹰购物中心,马鞍山金鹰购物中心
开元商城钟楼店,开元商城钟楼店
成都太古里,成都太古里
长春万象城,长春万象城
西安大融城,西安大融城
万科广场,万科广场
港惠新天地东区,港惠新天地东区
顺城购物中心,顺城购物中心
万泰汇购物中心,万泰汇购物中心
龙湖宁波鄞州天街,龙湖宁波鄞州天街
中骏世界城,中骏世界城
苏州吴江万象汇,苏州吴江万象汇
九江·联盛快乐城,九江·联盛快乐城
桂林万象城,桂林万象城
景枫中心,景枫中心
西安荟聚,西安荟聚
宜宾万象汇,宜宾万象汇
杭州嘉里中心,杭州嘉里中心
Lion Mall金狮广场,Lion Mall金狮广场
唐山万达广场,唐山万达广场
宝龙一城,宝龙一城
长申国际,长申国际
淮安万象城,淮安万象城
美美MM购物中心,美美MM购物中心
成都SKP,成都SKP
宁波万象城,宁波万象城
杭州萧山万象汇,杭州萧山万象汇
观沙岭招商花园城,观沙岭招商花园城
常州新北万达广场,常州新北万达广场
八佰伴,八佰伴
大连华南万象汇,大连华南万象汇
鼎盛广场购物中心,鼎盛广场购物中心
爱琴海购物中心,爱琴海购物中心
温州印象城MEGA,温州印象城MEGA
同德·昆明广场,同德·昆明广场
太原吾悦广场,太原吾悦广场
龙湖·苏州狮山天街,龙湖·苏州狮山天街
深圳万象食家,深圳万象食家
丹尼斯·大卫城,丹尼斯·大卫城
印力汇德隆杭州奥体印象城,印力汇德隆杭州奥体印象城
海岸城购物中心,海岸城购物中心
龙湖杭州西溪天街,龙湖杭州西溪天街
杭州城北万象城,杭州城北万象城
惠州大亚湾万达广场,惠州大亚湾万达广场
扬州万象汇,扬州万象汇
佳和城,佳和城
泰安万达广场,泰安万达广场
泰州万象城,泰州万象城
温州滨江万象城,温州滨江万象城
融创茂,融创茂
柏威年,柏威年
宁波环球银泰城,宁波环球银泰城
龙湖杭州金沙天街,龙湖杭州金沙天街
东莞虎门万达广场,东莞虎门万达广场
西宁海湖万达广场,西宁海湖万达广场
北海银海万达广场,北海银海万达广场
郑州郑东万象城,郑州郑东万象城
泸州万象汇,泸州万象汇
中大国际商业中心,中大国际商业中心
天河城,天河城
武汉SKP,武汉SKP
保利·国贸逸天城,保利·国贸逸天城
万象前海,万象前海
青岛凯德MALL,青岛凯德MALL
龙湖·西宸天街,龙湖·西宸天街
KKMALL京基百纳空间,KKMALL京基百纳空间
沣西吾悦广场,沣西吾悦广场
深业上城商场,深业上城商场
兰州万达茂,兰州万达茂
江门新会万达,江门新会万达广场
无锡万象城,无锡万象城
乐峰广场,乐峰广场
黔南都匀万达广场,黔南都匀万达广场
厦门万象城,厦门万象城
深圳布吉万象汇,深圳布吉万象汇
万达广场商圈,万达广场商圈
卓悦汇购物中心,卓悦汇购物中心
万家丽国际购物广场,万家丽国际购物广场
合肥银泰中心,合肥银泰中心
济南高新万达广场,济南高新万达广场
凯德广场·金牛2期,凯德广场·金牛2期
SM厦门海沧城市广场,SM厦门海沧城市广场
广州南沙万达广场,广州南沙万达广场
沈阳三台子万象汇,沈阳三台子万象汇
保定爱情广场,保定爱情广场
常德万达广场,常德万达广场
悦汇城,悦汇城
王府·星Mall,王府·星Mall
大连恒隆广场,大连恒隆广场
龙湖·滨江天街,龙湖·滨江天街
大连罗斯福,大连罗斯福广场
太古里(建设中),太古里(建设中)
南昌T16购物中心,南昌T16购物中心
泰华城新天地,泰华城·新天地
万达广场,万达广场
临沂万象汇,临沂万象汇
江北虹悦城,江北虹悦城
天河领展广场,天河领展广场
成都合生汇,成都合生汇
晋中天美杉杉奥特莱斯,晋中天美杉杉奥特莱斯
金帝·银泰城,金帝·银泰城
常州万象城,常州万象城
桂林高新万达广场,桂林高新万达广场
丽水银泰城,丽水银泰城
金安国际购物广场,金安国际购物广场
红博中央公园,红博中央公园
南宁万象城,南宁万象城
凯德广场·云尚,凯德广场·云尚
长沙星沙永旺梦乐城,长沙星沙永旺梦乐城
邢台北国商城,邢台北国商城
振华商厦(海港路),振华商厦(海港路)
光明大仟里购物中心A区,光明大仟里购物中心A区
龙湖成都时代天街,龙湖成都时代天街
深圳万象天地,深圳万象天地
保定万博广场,保定万博广场
宁波来福士广场,宁波来福士广场
日照万象汇,日照万象汇
潍坊新辰天地,潍坊新辰天地
民发世纪广场,民发世纪广场
苏州大悦城,苏州大悦城
万达广场,万达广场
和谐广场,和谐广场
万悦城,万悦城
金科·爱琴海购物公园,金科·爱琴海购物公园
宁波万象汇,宁波万象汇
赛格国际购物中心,赛格国际购物中心
华贸天地,华贸天地
卓展购物中心B座,卓展购物中心B座
世豪广场,世豪广场
莱山万象汇,莱山万象汇
民盈·国贸城,民盈·国贸城
泉州浦西万达广场,泉州浦西万达广场
海雅缤纷城,海雅缤纷城
宁波阪急,宁波阪急
曲靖麒麟万达广场,曲靖麒麟万达广场
万达广场,万达广场
北国先天下,北国先天下
PA MALL 平安金融中心,PA MALL平安金融中心
中央国际新亚广场,中央国际新亚广场
成都世茂广场,成都世茂广场
沈阳长白万象汇,沈阳长白万象汇
长沙万象城,长沙万象城
正大广场,正大广场
Livat荟聚,Livat荟聚
龙湖成都金楠天街,龙湖成都金楠天街
杭州中心,杭州中心
前海壹方汇,前海壹方汇
万象宜宾天地,万象宜宾天地
万达广场,万达广场
西安大都荟,西安大都荟
荔星中心,荔星中心
中华城,中华城
新海港海口国际免税城,新海港海口国际免税城
丹尼斯大卫天地,丹尼斯大卫天地
CityOn熙地港(郑州)购物中心,CityOn熙地港(郑州)购物中心
南宁安吉万达广场,南宁安吉万达广场
深圳龙岗万达广场,深圳龙岗万达广场
汇悦大融城,汇悦大融城
曼蒂广场,曼蒂广场
南京金陵天地,南京金陵天地
北国先天下,北国先天下
Livat荟聚,Livat荟聚
诺仕达商业广场,诺仕达商业广场
世纪金源购物中心,世纪金源购物中心
揭阳榕城万达广场,揭阳榕城万达广场
国贸购物中心,国贸购物中心
万象城,万象城
保利广场,保利广场
贵阳万象汇,贵阳万象汇
万达广场,万达广场
八佰伴A馆,八佰伴A馆
长沙北辰荟,长沙北辰荟
北京路天河城,北京路天河城
深圳天河城,深圳天河城购物中心
南通CBD大有境A座,南通CBD大有境
海雅缤纷天地,海雅缤纷天地
金鹰国际购物中心(徐州店)-A座,金鹰国际购物中心-A座
星河COCO Park(福田店),星河COCO Park
杭大悦城,杭州大悦城
龙湖苏州相城天街A馆,龙湖苏州相城天街
步步高梅溪商业中心,步步高梅溪新天地
广元利州万达,广元万达广场
清远万达,清远清城万达广场
合肥包河万象汇,包河万象汇
成都天府大悦城A馆,成都天府大悦城
杭州西溪印象城A座,杭州西溪印象城
龙湖济南奥体天街,龙湖济南西城天街
成都悠方广场,成都摩方购物中心
德基广场二期,德基广场一期
摩天活力城MALL,摩天活力城·2期
南京弘阳广场B馆,南京弘阳广场C馆
杭州万象城商场,杭州万象城
武商MALLC座,武商MALLA1座
三亚国际免税城1期,三亚国际免税城
南京城北万象汇B馆,南京城北万象汇
青岛万象城1期,青岛万象城
嘉兴八佰伴(中山路店),嘉兴八佰伴
成都IFS国际金融中心,成都IFS
成都科华王府井,成都王府井购物中心
镇江八佰伴(中山东路店),镇江八佰伴
贵阳国贸广场,国贸广场
八佰伴(溧阳店),八佰伴
大连亿合城,亿合城
卓展购物中心A座,卓展购物中心(重庆路店-B座)
金牛凯德广场,凯德广场
荆州万达,荆州古城万达广场
金鹰国际广场(新街口店),金鹰国际购物中心新街口店A座
成都来福士广场,成都来福士广场
龙岩万宝广场,万宝广场
武汉天地壹方购物中心,武汉天地壹方南馆西座
西安万象城,西安万象城(生命之树)
杭州大厦购物城D座(华浙店),杭州大厦购物城A座
自贡华商爱琴海购物中心B馆,自贡华商爱琴海购物公园
西安曲江金池,西安金地广场
王府井百货B馆,王府井百货
莆田万达广场,万达广场
澳德乐时代广场,澳德乐时代广场B座
广州融创,融创茂
郑州原万达,万达广场
汇嘉时代广场(北京路店),汇嘉时代广场
宝安大仟里,大仟里购物中心
明州里商场,明州里
万达百货(东莞东城万达广场店),东莞东城万达广场
万象城3期,深圳万象城-2期
郑州正弘汇,正弘生活广场
金鹰国际购物中心(泰州店),金鹰国际购物中心
永旺梦乐城(武汉金银潭店),永旺梦乐城
金鹰湖滨天地A区,金鹰湖滨天地
王府井百货(总府店),王府井百货
Paradise Walk(龙湖杭州滨江天街店),龙湖杭州滨江天街
厦门湾悦城,湾悦城购物中心
禾巷东区购物中心(泰禾广场西区店),泰禾广场西区
上海k11购物艺术中心,上海k11购物艺术中心
尚嘉中心,尚嘉中心
南昌大悦城,南昌大悦城
世博源,世博源
玖隆茂购物中心,玖隆茂购物中心
上海世茂广场,上海世茂广场
恒基名人购物中心,恒基名人购物中心
桐乡万象汇,桐乡万象汇
台州椒江宝龙城,台州椒江宝龙城
上百万和城,上百万和城
王府井购物中心,王府井购物中心
大上海时代广场,大上海时代广场
百联西郊购物中心,百联西郊购物中心
西亚和美广场,西亚和美广场
安庆弘阳广场,安庆弘阳广场
无锡海岸城,无锡海岸城
上海久光中心,上海久光中心
晶耀前滩Crystal Plaza,晶耀前滩Crystal Plaza
昆山招商花园城,昆山招商花园城
百联又一城购物中心,百联又一城购物中心
九亭金地广场,九亭金地广场
昆山金鹰国际购物中心,昆山金鹰国际购物中心
Gate M西岸梦中心,Gate M西岸梦中心
群光广场,群光广场
悦荟,悦荟
武汉摩尔城,武汉摩尔城
凯德虹口商业中心,凯德虹口商业中心
西北旺万象汇,西北旺万象汇
保山吾悦广场,保山吾悦广场
龙湖北京长楹天街,龙湖北京长楹天街
中百大厦,中百大厦
西三旗万象汇,西三旗万象汇
中央公园光环花园城,中央公园光环花园城
北京朝阳合生汇,北京朝阳合生汇
西单大悦城,西单大悦城
龙湖重庆时代天街,龙湖重庆时代天街
谷德广场,谷德广场
三里屯太古里,三里屯太古里
北京超极合生汇,北京超极合生汇
泰盛广场,泰盛广场
龙湖上海宝山天街,龙湖上海宝山天街
悦荟,悦荟
新世界城,新世界城
正大广场,正大广场
深圳坪山益田假日世界,深圳坪山益田假日世界
港惠购物中心,港惠购物中心
观澜湖新城MH MALL,观澜湖新城MH MALL
环球中心,环球中心
重庆万象城,重庆万象城
成都世茂广场,成都世茂广场
晋江宝龙广场,晋江宝龙广场
遂宁万达广场,遂宁万达广场
龙湖重庆礼嘉天街,龙湖重庆礼嘉天街
凯德和平广场,凯德和平广场
荆州吾悦广场,荆州吾悦广场
百联中环购物广场,百联中环购物广场
拉萨王府井购物中心,拉萨王府井购物中心
长风大悦城,长风大悦城
金鹰财富中心,金鹰财富中心
上海静安大悦城,上海静安大悦城
上海第一八佰伴,上海第一八佰伴
仲盛世界商城,仲盛世界商城
北京荟聚,北京荟聚
怀化鹤城万达广场,怀化鹤城万达广场
益田假日世界购物中心,益田假日世界购物中心
龙湖南宁青秀天街,龙湖南宁青秀天街
龙湖时代天街A馆,龙湖时代天街A馆
勒泰中心,勒泰中心
重庆金开爱琴海,重庆金开爱琴海购物中心
龙湖北京大兴天街,龙湖北京大兴天街
华熙LIVE·五棵松,华熙LIVE·五棵松
颐堤港,颐堤港
北京东方新天地,北京东方新天地
百捷上悦城,百捷上悦城
云门New Park,云门New Park
瑞虹新天地太阳宫,瑞虹新天地太阳宫
龙湖北京亦庄天街,龙湖北京亦庄天街
伟东·乐客城,伟东·乐客城
国贸商城,国贸商城
北京apm,北京apm
SM天津滨海城市广场,SM天津滨海城市广场
ist艾尚天地,ist艾尚天地
天津万象城,天津万象城
威高广场A馆,威高广场
MOMOPARK艺术购物中心,MOMOPARK艺术购物中心
金鹰(京华城店),金鹰
韩国购物城,韩国购物城
上海恒隆广场,上海恒隆广场
北京富力广场,北京富力广场
润达国际购物中心,润达国际购物中心
上海合生汇,上海合生汇
珠海斗门世荣万达广场,珠海斗门世荣万达广场
西安西咸吾悦广场,西安西咸吾悦广场
上海ifc商场,上海ifc商场
天津梅江环宇城,天津梅江环宇城
龙湖·上海奉贤天街,龙湖·上海奉贤天街
上海松江印象城,上海松江印象城
玄武招商花园城,玄武招商花园城
南京鹏欣·水游城,南京鹏欣·水游城
朝阳大悦城,朝阳大悦城
上海南翔印象城MEGA,上海南翔印象城MEGA
龙湖重庆北城天街,龙湖重庆北城天街
华贸购物中心,华贸购物中心
保百购物广场,保百购物广场
时代天街E馆,时代天街E馆
天津K11购物艺术中心,天津K11购物艺术中心
天津陆家嘴中心,天津陆家嘴中心
东方福来德,东方福来德
哈尔滨融创茂,哈尔滨融创茂
重庆IFS国金中心,重庆IFS国金中心
龙湖南京龙湾天街,龙湖南京龙湾天街
龙湖天津梅江天街,龙湖天津梅江天街
宏伊国际广场(南京东路),宏伊国际广场(南京东路)
上海真如环宇城MAX,上海真如环宇城MAX
益阳赫山万达广场,万达广场
天津天河城购物中心,天津天河城购物中心
北京五棵松万达广场,北京五棵松万达广场
金融街购物中心,金融街购物中心
天津海信广场,天津海信广场
凯德1818,凯德1818
环贸iapm商场,环贸iapm商场
悦方ID MALL,悦方ID MALL
武汉K11购物艺术中心,武汉K11购物艺术中心
京西大悦城,京西大悦城
益田假日广场(深圳华侨城店),益田假日广场
天津恒隆广场,天津恒隆广场
上海七宝领展广场,上海七宝领展广场
长沙星沙万象汇,长沙星沙万象汇
兴业太古汇,兴业太古汇
上海荟聚,上海荟聚
万科广场,万科广场
重庆来福士广场,重庆来福士广场
鹏欣·水游城,鹏欣·水游城
泰富百货(延陵西路),泰富百货(延陵西路)
上海港汇恒隆广场,上海港汇恒隆广场
合肥之心城购物中心,合肥之心城购物中心
复地活力城,复地活力城
会展航洋城,航洋国际购物中心
广州琶洲保利,保利广场
好悦天地,好悦天地A区
西安赛格广场,赛格国际购物中心
中海寰宇天地(千灯湖环宇城店),中海寰宇天地
德思勤城市广场,德思勤四季汇
吾悦广场(海口店),新城吾悦广场S5
王府井购物中心(南昌店),王府井购物中心
东百中心,东百中心-C馆
长宁来福士,长宁来福士
新百中心,新百中心C馆
海乐世界,海乐城
深圳中航城,中航城君尚购物中心
宝安大悦城,深圳大悦城购物中心
新浙北大厦,浙北生活
万达广场(运城店),万达广场
银泰百货(滨湖店),银泰百货
吾悦广场(沧州店),吾悦广场
银泰百货(温岭店),银泰百货
太原茂业天地,太原茂业天地购物中心1期
六安金安万达,万达广场
广州番禺 k11,广州番禺万达广场
河北保定市西大街,保定百货大楼
天马·南湖荟购物中心,南湖第壹MALL
宝龙广场(福州台江店),宝龙城市广场东区
长沙松雅湖吾悦广场,吾悦广场
上海万象城,上海万象城
国贸大厦购物广场(国贸大厦店),国贸大厦北楼
万达广场(成都金牛店),万达广场送车点-益安
凯德广场,凯德广场·诺和木勒
SM新生活广场(厦门思明店),SM新生活广场
振华广场,新华MALL
贵阳万象城,贵阳万象城
西安万象天地,西安万象城(生命之树)
卓悦中心,卓悦中心西区
天津天河城,天津天河城购物中心
衡阳万达,万达广场
居然世界里,中商·世界里购物中心
龙华天虹购物中心,天虹购物中心
龙湖重庆U城天街,龙湖重庆U城天街B馆
万达广场(包头青山店),万达广场
万达广场(大同平城店),万达广场
吾悦广场(昆明五华店),吾悦广场
吾悦广场(常州钟楼店),吾悦广场
万达广场(兰州城关店),万达广场
万达广场(大连高新店),万达广场
万达广场(绍兴柯桥店),万达广场
万达广场(昆山经开店),万达广场
吾悦广场(南京建邺店),吾悦广场
远大购物中心(南岗店),远大购物中心
万达广场(廊坊广阳店),万达广场
万达广场(福州仓山店),万达广场
万达广场(太原龙湖店),万达广场
万达广场(南宁江南店),万达广场
万达广场(昆明西山店),万达广场
万达广场(徐州云龙店),万达广场
光环购物公园,重庆光环购物公园
重庆江岸天街,龙湖重庆江岸天街
南京国金中心,南京ifc商场
杭州城西银泰城,银泰百货
上海环球港,上海月星环球港
万达广场(长春红旗街店),万达广场
万达广场(石家庄裕华店),万达广场
万达广场(大庆让胡路店),万达广场
万达广场(平顶山卫东店),万达广场
万达广场(南昌红谷滩店),万达广场
万达广场(福州金融街店),万达广场
万达广场(大庆萨尔图店),万达广场
万达广场(西安大明宫店),万达广场
贵和购物中心(领秀城店),贵和购物中心
万达广场(鄂尔多斯东胜店),东胜万达广场2期
龙湖重庆金沙天街B馆,龙湖重庆金沙天街
新田360广场(郑州国贸店),新田360广场
万达广场(孝感星河天街店),万达广场
银泰百货(宝鸡国金中心店),银泰百货
吾悦广场(乌鲁木齐会展店),吾悦广场
成都滨江天街,龙湖·滨江天街
哈尔滨松北万象汇,松北购物中心
环球购物中心B馆,环球中心
万达广场乌鲁木齐经开区店,万达广场
金鹰购物中心(盐城聚龙湖店),金鹰购物中心
隆盛超市(柏威年购物中心大连店),柏威年
中粮·祥云小镇北区,中粮·祥云小镇
伊藤洋华堂(双楠店),伊藤洋华堂
探十里(升龙金中环财富中心店),探十里
第一国际汇一城,海德·汇一城三区
楚河汉街,汉街万达
西安龙首印象城,荣民龙首广场
深圳前海壹方城,前海HOP天地
八佰伴中心,八佰伴
吾悦广场,吾悦广场
生龙悠购天地,生龙悠购天地
西亚城,西亚生活广场
江门蓬江万达广场,江门蓬江万达广场
成都银泰中心,成都银泰城
武汉新荣龙湖天街,娱非凡数码潮玩新荣天街店
龙之梦城市生活中心(长宁店),龙之梦城市生活中心
南京仙林金鹰,金鹰湖滨天地
淄博万象汇,利群集团淄博购物广场
北京清河万象汇西区,北京清河万象汇
城阳万象汇,利群集团城阳购物广场
昆明瑞鼎城悦容匯购物公园A馆,昆明瑞鼎城购物公园
虹桥南丰城,虹桥南丰城南区
西青大悦汇,西青大悦汇(A馆)
协信星光时代广场(南坪店),协信星光时代广场
千灯湖环宇城,中海寰宇天地
番禺天河城,广州番禺万达广场
华强电子世界,世纪汇购物中心
阜阳商厦中心,阜阳商厦时代广场
永旺梦乐城(新塘店),永旺梦乐城
中央商场(新街口店),中央商场
天河百脑汇,天河领展广场
广州信达金茂广场,信达金茂广场
西安老城根 GPark,龙湖西安大兴星悦荟
重庆万象城北区,重庆万象城
赣州万象城,赣州君尚购物中心
磐基名品中心,磐基莲花里
凯里国贸购物中心,凯里方圆荟购物广场
南京新百(中山南路店),南京新百
石家庄欢乐汇,欢乐汇100FUN CITY
济宁龙贵购物广场,贵和购物广场
珠海富华里,珠海玖洲道购物公园店
银泰百货(宁波环球银泰城店),宁波环球银泰城
武汉江宸天街,武汉滨江天街
重庆万象城南区,重庆万象城
协信星光广场,协信星光妙塘
吾悦广场(云浮店),吾悦广场(建设中)
昆明恒隆广场,昆明走廊
茂业天地(清扬店),茂业天地B座
丹尼斯百货(人民路店),丹尼斯百货1号馆
万达广场(成都双流店),成都双流时代奥特莱斯B区
"曼哈商业广场(进口食品,数码)",茂业天地
无锡恒隆广场,无锡八佰伴(中山路)
武汉武昌万象城,武汉万象城
沈阳皇姑万象汇,沈阳万象城
广州塔广场,广州百货
杭州亚奥万象天地,杭州万象城
温州万象城,温州滨江万象城
步步高广场(湘潭店),步步高广场
王府井广场(南充店),王府井广场
天虹CC Mall(石路店),天虹CC Mall
美罗城B区,美罗城
中洲湾C Future City,Bo space购物中心
龙湖·北城天街购物广场南馆,龙湖成都北城天街
玉溪万达广场,玉溪百货大楼
月星环球购物广场(上海月星环球港店),上海月星环球港
国泰优活城市广场北区,PARK108国泰优活城市广场
步步高·星城天地,步步高广场
沈阳百脑汇,沈阳百联购物中心
印象城(常熟店),印象城
绍兴银泰,绍兴鲸银城
龙湖西安香醍天街,龙湖西安未央天街
万达广场C栋,万达广场
长沙湘江永旺梦乐城,长沙星沙永旺梦乐城
新茂业国际购物中心,伊犁悦桐购物中心
七彩云南·第壹城,壹城万象唯此中心
世纪金源购物中心东区,世纪金源购物中心
安盛购物广场(大连开发区店),安盛购物广场
珠海环宇城,珠海玖洲道购物公园店
吾悦广场(温州店),潮品挚尚
中骏·世界城新馆,中骏世界城
大信新都汇B座,大信·新都汇
万达广场(青秀店),绿地中央广场B3栋
国金街,王府井百货
广州荔湾领展广场,荔湾广场
滨江宝龙城,滨悦城
永盛购物中心,金华大世界服装商场
万达广场(安阳店),万达广场
万达广场(永州店),万达广场
万达广场(枣庄店),万达广场
吾悦广场(钦州店),吾悦广场
万达广场(滨州店),万达广场
南亚风情第壹MALL,星光天地
IFS国金购物中心,长沙悦方ID MALL
新田360广场(郑州绿地店),郑州郑东万象城
银川建发阅彩城,王府井奥莱
悦府广场(天津大悦城南区),天津大悦城
珠海华发商都,横琴华发商都
深圳大运天地,深圳大悦城购物中心
广州天汇广场,广州百货
崂山万象汇,崂山百货
南京雨花万象天地,南京城北万象汇
常州购物中心,常州万象城
昆山万象汇,昆山商厦
拉萨柳梧万达广场,拉萨城关万达广场
沈阳京东 MALL,沈阳商业城
深圳大运天地,深圳大悦城购物中心
杭州临平银泰城,杭州临平银泰inPARK
华发商都B馆,横琴华发商都
万象汇,包河万象汇
友谊阳光城,阳光商业城
郑州正弘城,正弘生活广场
广东省广州市白云区机场,百信广场
乐城购物广场,红街购物
南昌武商MALL,万达广场
广州市白云区机场,白云汇广场
银泰创意城,群光广场
NOVA岭南站,百花广场(祖庙路)
中兴-沈阳商业大厦(兰州北街),百盛购物中心
顺德万象汇,印象城
星寰国际商业中心,万菱广场
茂业天地(华强北店),茂业天地
万达广场(未来石店),万达广场
万达广场(赣州经开店),新都汇生活广场
IFC国金天地,高德置地广场·春广场
石岐万象汇,假日广场
万达广场(玉林店),玉林文化广场专卖店
振华购物中心,振华购物中心A座
上海新天地南北里,新天地时尚一期
王府井购物中心(关东古巷店),铜锣湾广场
渝北光环花园城A馆,中央公园光环花园城
苏州中心商场二期,苏州奥体中心商业广场
船舶电子大世界,百盛购物中心
茂悦东荟城,油城十路宏丰新城商业广场素姬印象意境宏丰店
东莞市长安悦城广场,东莞长安万达广场
京东MALL(成都新南中心店),苏宁广场城市奥特莱斯
万达广场(宁德蕉城店),万达广场
万达广场(温州龙湾店),万达广场
万达广场(南京建邺店),万达广场
万达广场(厦门湖里店),万达广场
万达广场(上海周浦店),万达广场
凯德MALL(望京店),凯德MALL
万达广场(洛阳西工店),万达广场
吾悦广场(漳州龙文店),吾悦广场
银泰百货(温州瓯海店),银泰百货
银泰百货(杭州滨江店),银泰百货
吾悦广场(宿迁宿城店),吾悦广场
万达广场(杭州余杭店),万达广场
吾悦广场(沈阳沈北店),吾悦广场
万达广场(梅州梅江店),万达广场
吾悦广场(兰州安宁店),吾悦广场
吾悦广场(上海青浦店),吾悦广场
南益广场,泉州商城
西安南门王府井,王府井百货永宁门店南馆
永旺超市(津南永旺梦乐城店),永旺超市
长楹天街购物中心-东区,龙湖北京长楹天街
柳州万象城,柳州柳南万达广场
胖东来天使城,胖东来时代广场
大庆百脑汇,大庆百货大楼
深圳宝安机场,茂业天地
百盛(南昌中山店),百盛A馆
万达广场(沈阳太原街店),万达广场
万达广场(贵阳观山湖店),万达广场
新光天地B区,SKLP(新光里+)
万达广场(青岛CBD店),万达广场
万达广场(东营北一路店),万达广场
万达广场(哈尔滨哈西店),万达广场
北京中关村领展广场,新中关购物中心
时光里北塔,时光汇
金湾华发商都A馆,横琴华发商都
金沙洲金铂天地,金铂中心
永旺梦乐城西馆,吾悦广场
中国铁建·南沙环宇城,南沙悠方天地
京东MALL(南京大明路店),郁金香华联商厦
永庆坊,恒宝广场
赣州泽丰环球汇,云星世纪广场
深圳欢乐海岸,深圳湾后海汇
哈尔滨西城红场,哈尔滨华南城B区
万科广场(东莞长安店),东莞长安万达广场
丽影广场,丽柏广场
天府艺术公园,天府招商花园城
五象万象汇,南宁万象城
信万广场,万科生活广场
长春欧亚卖场,欧亚购物中心
怀德万象汇,万象前海
星斓荟,星光天地
昆明万象城,昆明恒旺广场
西安龙湖长乐天街,龙湖西安未央天街
广粤天地,广州百货
